archived_at,company,job_title,job_url,applied_at,source,archive_reason,notes
2026-09-06T00:44:56.878Z,NVIDIA,NVIDIA 2027 New College Graduate: Autonomous Vehicles and Robotics - China,https://nvidia.wd5.myworkdayjobs.com/NVIDIAExternalCareerSite/job/China-Shanghai/NVIDIA-2027-New-College-Graduate--Autonomous-Vehicles-and-Robotics---China_JR2024109,,NVIDIA 校招官网 Workday (NVIDIAExternalCareerSite),Archived from dashboard,Manual dashboard archive write-back.
2026-09-06T00:44:58.639Z,NVIDIA,NVIDIA 2027 New College Graduate: Deep Learning and High-Performance Computing Engineering - China,https://nvidia.wd5.myworkdayjobs.com/NVIDIAExternalCareerSite/job/China-Shanghai/NVIDIA-2027-New-College-Graduate--Deep-Learning-and-High-Performance-Computing-Engineering---China_JR2024107,,NVIDIA 校招官网 Workday (NVIDIAExternalCareerSite),Archived from dashboard,Manual dashboard archive write-back.
2026-09-06T00:45:00.151Z,NVIDIA,NVIDIA 2027 New College Graduate: Software Engineering - China,https://nvidia.wd5.myworkdayjobs.com/NVIDIAExternalCareerSite/job/China-Shanghai/NVIDIA-2027-New-College-Graduate--Software-Engineering---China_JR2024111,,NVIDIA 校招官网 Workday (NVIDIAExternalCareerSite),Archived from dashboard,Manual dashboard archive write-back.
2026-09-13T17:53:18.219Z,Microsoft,Software Engineer (APRD),https://apply.careers.microsoft.com/careers/job/1970393556994893,,Microsoft 官网 Eightfold (apply.careers.microsoft.com),Archived from dashboard,Manual dashboard archive write-back.
2026-09-13T17:53:50.841Z,Microsoft,"Software Engineer (Windows App, Linux client)",https://apply.careers.microsoft.com/careers/job/1970393556981792,,Microsoft 官网 Eightfold (apply.careers.microsoft.com),Archived from dashboard,Manual dashboard archive write-back.
2026-09-13T17:54:15.172Z,Bosch 博世智能出行 (BCSC),辅助驾驶功能开发工程师(27届校招),https://jobs.smartrecruiters.com/BoschGroup/744000141882375,,"Bosch SmartRecruiters (BoschGroup, country=cn)",Archived from dashboard,Manual dashboard archive write-back.
2026-09-13T17:55:35.804Z,NXP,2027Y Campus- Linux Software Test Engineer,https://nxp.wd3.myworkdayjobs.com/careers/job/Shanghai-Pudong/XMLNAME-2027Y-Campus--Linux-Software-Test-Engineer_R-10066636,,NXP 校招官网 Workday (nxp/careers),Archived from dashboard,Manual dashboard archive write-back.
2026-09-13T17:57:01.516Z,Bosch 博世智能出行 (BCSC),智能家居测试开发工程师(27届校招),https://jobs.smartrecruiters.com/BoschGroup/744000141880769,,"Bosch SmartRecruiters (BoschGroup, country=cn)",Archived from dashboard,Manual dashboard archive write-back.
2026-09-14T13:49:12.512Z,Bosch 博世智能出行 (BCSC),辅助驾驶自动化测试工程师(27届校招),https://jobs.smartrecruiters.com/BoschGroup/744000141886674,,"Bosch SmartRecruiters (BoschGroup, country=cn)",Archived from dashboard,Manual dashboard archive write-back.
2026-09-21T13:14:50.526Z,博世 Bosch,智能体AI工程师_BCI (Agentic AI Engineer),https://jobs.smartrecruiters.com/BoschGroup/744000150618590,,Bosch SmartRecruiters 中国区接口 (api.smartrecruiters.com/v1/companies/BoschGroup/postings?country=cn),Archived from dashboard,Manual dashboard archive write-back.
2026-09-25T14:44:07.822Z,英特尔 Intel,AI Software Development Engineer (JR0287413),https://intel.wd1.myworkdayjobs.com/External/job/PRC-Shanghai/AI-Software-Development-Engineer_JR0287413,,Intel 官网 Workday (intel/External),Archived from dashboard,Manual dashboard archive write-back.
2026-09-29T15:25:00.596Z,恩智浦 NXP,2027Y Campus - Software Engineer - Linux BSP & Driver Development (R-10066602),https://nxp.wd3.myworkdayjobs.com/careers/job/Shanghai-Pudong/XMLNAME-2027Y-Campus---Software-Engineer---Linux-BSP---Driver-Development_R-10066602,,外企 Workday 增量扫描 (nxp/careers),Archived from dashboard,Manual dashboard archive write-back.
2026-09-29T15:25:01.953Z,英特尔 Intel,AI Systems Performance and Simulation Engineer (JR0287605),https://intel.wd1.myworkdayjobs.com/external/job/PRC-Beijing/AI-Systems-Performance-and-Simulation-Engineer_JR0287605,,外企 Workday 增量扫描 (intel/external),Archived from dashboard,Manual dashboard archive write-back.
2026-10-05T13:26:17.721Z,Checkout.com,Software Engineer（上海）,https://jobs.ashbyhq.com/checkout.com/3f22fb97-edf0-4435-b90e-924ae03f92ef,,"Greenhouse、Ashby、Lever 看板扫描（Ashby, checkout.com）",Archived from dashboard,Manual dashboard archive write-back.
2026-10-05T13:26:22.129Z,恩智浦 NXP,Algorithm Development Engineer - UWB RADAR (R-10066549),https://nxp.wd3.myworkdayjobs.com/careers/job/Shanghai-JingAn/Algorithm-Development-Engineer---UWB-RADAR_R-10066549,,外企 Workday 增量扫描 (nxp/careers),Archived from dashboard,Manual dashboard archive write-back.
2026-10-05T13:26:24.375Z,博世 Bosch,Data Engineer,https://jobs.smartrecruiters.com/BoschGroup/744000152043549,,Bosch SmartRecruiters 中国区接口,Archived from dashboard,Manual dashboard archive write-back.
