date,rule_category,rule,reason,source_blocker_or_lesson,status
2026-09-05,source,"外企的中国校招岗位可直接用 Workday 搜索接口抓取：POST https://<host>/wday/cxs/<tenant>/<site>/jobs，body 为 {""appliedFacets"":{},""limit"":20,""offset"":N,""searchText"":""China""}，返回 title、locationsText、postedOn 与 externalPath。",2026-09-05 中国线首跑用此法覆盖 11 家外企共 806 条 req。这印证了 china_application_rules.md 的判断：外企的中国岗位与美国岗位走同一套 ATS，美国线已跑通的接口可直接复用，只需换位置过滤。站点名各家不同，AMD、Qualcomm、Dell、Synopsys 未探到正确站点名，返回 422。,2026-09-05-china-fetch,active
2026-09-05,source,Workday 列表里 locationsText 显示为「N Locations」时不含具体城市，必须取 job 详情读 location 与 additionalLocations 才能判定城市层级。,2026-09-05 三条 NVIDIA 2027 校招在列表里都只显示 3 Locations，取详情后才确认是上海、北京、深圳三地 Tier 1。仅凭列表会把三条最强 lead 的城市判定为未知。,2026-09-05-china-fetch,active
2026-09-05,source-strategy,某条线首次运行且池为空时，时效窗口应按该市场的招聘节奏定，而不是照搬为增量设计的 24/48 小时窗口。,2026-09-05 中国线首跑正值 2027 届秋招，校招 req 普遍挂两到四周仍开放。按 48 小时筛，NVIDIA 三条 2027 校招（发布于 08-21）与 KLA 全部岗位（08-17）都会被漏掉，实际结果会是零 lead。,2026-09-05-china-fetch,active
2026-09-05,screening,中国校招常见的「硕士 0 年经验，或本科 N 年经验」写法不是纯学位门槛，而是学位与经验的组合条件；应届本科生无法满足其本科分支，故仍需先确认学位层次，记为 Needs user 而非 Skipped。,KLA 2027 校招五条上海岗与一条合肥岗均为此写法。与美国线 NVIDIA、Trulioo 那类「必须 MS 或 PhD」不同，本科在这里并非完全不可，但附加了应届生不可能具备的 2 年经验。,2026-09-05-china-fetch,active
2026-09-05,screening,外企中国校招池里，应用工程（Application Engineer / FAE）岗位数量可观且标题常与系统或软件工程混淆，需读正文职责判定，不能只看列表标题。,NXP 一条列表标题为 System and Application Engineer，正文标题实为 Application Engineer – Automotive MCU，职责是客户调试支持与客户培训。KLA 同批另有五条 Regional Development Applications Engineer。两者与美国线 Axon 的 Embedded Technical Account Manager 属同一跳过理由。,2026-09-05-china-fetch,active
2026-09-05,screening,中国的「实习」与美国的 summer internship 不是同一回事：外企中国区的日常实习普遍是 1 年期全职在校实习，面向研二研三等尚有一年以上在校时间的学生，临近毕业者无法满足；判断实习是否可行要读时长与在读要求，不能套用美国暑期实习的心智模型。,NVIDIA 中国区 22 条软件方向 2027 实习中，18 条要求在读，多条写明需 available to work full time for one year，Software QA 条明确写 2nd or 3rd year in a master program，唯一写毕业年的一条要求 2028 届。对 2027 年 5 月毕业的候选人而言，这批实习即使规则允许也几乎全部不可投，正确入口是校招全职。,2026-09-05-china-fetch,active
2026-09-05,screening,毕业时间不再是筛选障碍：候选人可自选 2026 年 12 月或 2027 年 5 月毕业，两端都可用。岗位只要接受其中任一端即视为符合，仅当两端都无法满足（如要求 2028 届）时才按毕业时间跳过。,用户于 2026-09-05 确认两个毕业时间都可以。此前多条岗位被记为「只有一端重叠」需确认：中国线三条 NVIDIA 2027 校招要求 graduate in 2027，美国线 ID.me 要求 May/June 2027、Cadence 偏好 December 2026，现均无毕业时间障碍。此项不影响学位层次问题，那仍未确认。,user-preference-update,active
2026-09-13,source,Microsoft 招聘已迁到 Eightfold：用 GET https://apply.careers.microsoft.com/api/pcsx/search?domain=microsoft.com&query=&location=China&start=N&num=100 分页取列表，用 /api/pcsx/position_details?position_id=<id>&domain=microsoft.com 取正文（字段 jobDescription）。/api/apply/v2/jobs 返回 403 Not authorized for PCSX，不要用。,首跑 2026-09-05 时 Microsoft 校招接口没有返回任何数据，被记为覆盖缺口。2026-09-13 用 pcsx 接口读到中国区 41 条，其中包括本次最强的 APRD Software Engineer 应届岗。,2026-09-13-china-fetch,active
2026-09-13,source,Bosch 中国岗位走 SmartRecruiters：GET https://api.smartrecruiters.com/v1/companies/BoschGroup/postings?country=cn&limit=100&offset=N 分页取列表，/postings/<id> 取正文。校招岗靠标题里的「(27届校招)」识别，不能靠 experienceLevel：校招岗被标成 Associate，Entry Level 标签反而多是社招。,"2026-09-13 中国区共 1,299 条，其中 Entry Level 66 条，但博世智能出行无锡的 27 届校招批次全部标为 Associate。按 experienceLevel 过滤会把整批校招漏掉。",2026-09-13-china-fetch,active
2026-09-13,screening,外企中国区的算法和大模型校招岗，学位门槛普遍是硕士（「20XX届硕士及以上」「硕士在读」）；同批里的软件开发和功能开发岗才放宽到本科。批量筛选时先按岗位类型排读正文的顺序：算法类优先查学历行，软件类优先查年限和方向。,2026-09-13 博世智能出行无锡 27 届校招：大模型算法、预测算法、感知算法三条全部要求硕士，只有辅助驾驶功能开发写本科及以上。微软 APRD 同日两条：Applied Scientist 要硕博，Software Engineer 本科即可。,2026-09-13-china-fetch,active
2026-09-13,tooling,Workday 去重要按 URL 末尾的 req id，不能按完整 externalPath：同一个 req 的 slug 会在「--」和「-」之间来回变。,2026-09-13 KLA 的 【2027 Campus】Software Engineer-QA 在池里存的是 XMLNAME--2027-Campus--Software-Engineer-QA_2639775，列表接口返回的是 XMLNAME--2027-Campus-Software-Engineer-QA_2639775，按完整路径比较会被当成新 req。,2026-09-13-china-fetch,active
2026-09-13,source,中国区扫描时这些 Workday 租户/站点能用：citi/2、ms/External、statestreet/Global、philips/jobs-and-careers、gehc/GEHC_ExternalSite、thermofisher/ThermoFisherCareers、medtronic/MedtronicCareers、pfizer/PfizerCareers、hp/ExternalCareerSite、nike/nke、disney/disneycareer、broadcom/External_Career、marvell/MarvellCareers、analogdevices/External、mastercard/CorporateCareers、zoom/Zoom、blackrock/BlackRock_Professional。dell/External、amd/AMD、qualcomm/Qualcomm_Careers、synopsys/Synopsys_Careers、wdc/External、lamresearch/LAM、hsbc/external 返回 422，站点名未知。,2026-09-13 在 37 个探测目标中 30 个返回数据。首跑的 422 名单（AMD、Qualcomm、Dell、Synopsys）换了站点名仍然 422，下次应先从各家官网招聘页的跳转链接里取真实站点名，不要继续猜。,2026-09-13-china-fetch,active
2026-09-13,screening,测试方向纳入目标：软件测试、测试开发、QA、SDET 等应届岗算 Software Engineering 目标族，学位、年限、外包等其他跳过规则照常适用。,用户于 2026-09-13 确认，起因是 NXP 2027Y Campus Linux Software Test Engineer。这个问题自 2026-09-05 的 KLA Software Engineer-QA 起一直没定。,user-preference-update,active
2026-09-13,screening,正文把 C++ 列为强制要求（单列必备，或「较强的 C/C++ 能力」一类写法）就跳过；C++ 只是多种可选语言之一（「C/C++、Python 等至少一种」）就不跳过。标题含 C++ 照旧跳过。,用户于 2026-09-13 裁定。据此 Bosch 网络安全软件工程师改为跳过，Bosch 智能家居测试开发与辅助驾驶功能开发保留，微软两条 Software Engineer 的语言列表都是任选。,user-preference-update,active
2026-09-20,tooling,外企 Workday 站点表需要重修：2026-09-20 扫描的 42 个站点里有 23 个返回 422 或 404，说明 tenant/site 组合已经过期。受影响的包括 AMD、Qualcomm、Dell、Synopsys、Western Digital、Lam Research、Infineon、Honeywell、Emerson、ABB、GE、J&J、Ericsson、Nokia、Oracle、VMware、SAP、PTC、Ansys、Unity、Databricks。下一次中国线运行先从各家招聘首页取回正确的 site token，再扫描。,这几家正是 09-19 记录里一直挂在覆盖缺口上的厂商，缺的不是岗位而是站点名。,,Active
2026-09-20,source,微软单条 req 正文恢复可读：apply.careers.microsoft.com/api/apply/v2/jobs/<id>?domain=microsoft.com 返回完整 Eightfold 记录。但搜索接口仍返回 403 'Not authorized for PCSX'，gcsservices 证书仍不匹配，所以中国区岗位列表仍然取不到。结论：中国线缺的是『发现』而不是『阅读』，浏览器复查仍是唯一入口。,2026-09-20 美国线用该接口读了两条微软 req 的完整正文。,,Active
2026-09-21,source,Bosch SmartRecruiters 的每条 posting 都带结构化 experienceLevel 字段（Associate / Mid-Senior Level 等）。标题里没有校招、应届或届别字样时，用这个字段做层级初筛，再用正文确认，比读标题可靠。,2026-09-21 博世中国区 11 条新发布里，智驾系统工程师 与 智驾EE系统架构师 都是 Mid-Senior Level 并在正文要求 3 年以上经验，智能体AI工程师_BCI 是 Associate。,,Active
2026-09-21,tooling,"猜 Workday 站点 token 这条路已经走到头：2026-09-21 试了 1,584 个 tenant/host/site 组合，只修好 Qualcomm（wd12/External）。AMD、Dell、Western Digital、Synopsys、Lam Research 的招聘首页是 JS 壳，HTML 里不暴露任何 myworkdayjobs 地址，说明它们要么不在 Workday 上，要么用了自定义域名。下一步只能是浏览器复查确认各家用的是哪个招聘系统，不要再花运行时间穷举 token。",这几家从 09-19 起就挂在覆盖缺口里，昨天的规则要求先修站点表，今天执行后得到的是否定结论。,,Active
2026-09-21,screening,C++ 规则同步收窄：只有正文单独点名 C++ 且不给其他语言选项时才跳过。与其他语言并列出现的 C++ 不再构成跳过理由；标题含 C++ 仍然跳过；「C/C++」按同一类要求处理，仍然跳过。,"2026-09-21 用户在美国线确认后同步到中国线。影响范围：Intel Ecosystem Technical Enabling Engineer 的技能条件（Proficiency in Python, C++ programming）已不构成跳过理由，该行改按硕士学历下限跳过；Bosch 网络安全软件工程师(27届校招) 的「较强的C/C++能力」属于单列同类要求，跳过保持不变。",替代 2026-09-13 的读法。,Active
